,大腿角度R,大腿角度L,膝角度R,膝角度L,大腿直筋肉長さR
0,169.029062026219,168.57698982423142,178.3756038906444,176.36929666284354,387.1156799044205
1,41.02250274514283,29.475041380648296,81.09936104093016,76.58062395830893,164.92810081546344
2,13.036390267395168,5.856330729610116,98.1445762005174,72.938263499636,143.27624473657738
3,44.222656645758875,50.49582950612066,85.87682101307846,78.94686564797063,179.3054744240788
4,16.28797943714603,18.440917725985265,109.23362487762525,93.21437638939206,189.00335353563167
5,11.700156533341666,11.927086543999224,146.9592064842695,108.39180827941495,174.51355583583876
6,26.42491590789955,29.04486187674296,37.80819323626248,68.75169372322244,248.4083917480691
7,169.72300929250326,170.78767982232162,173.56205589483585,174.35815694458609,625.7667189390227
8,153.42044055848143,151.82698187115403,145.72895739603544,147.8014169413247,310.3827680225575
9,165.98169357181217,162.534304290105,158.8810992854057,154.9528279353622,691.755239742926
10,169.2588364405411,161.2034706154753,162.3668406060456,162.5259115536273,580.7797454593826
11,170.55030523639388,162.39627837400204,169.29803128081068,157.91616770345397,588.1487123482195
12,169.71599031891702,171.1214046043509,170.3472578659503,178.3812722430967,576.1105794732734
13,171.42544485671633,172.90656151424082,178.83078583245444,177.6067450012706,564.0376142621798
14,170.5799848913163,170.19940216126716,174.08057985685576,179.98846309165552,558.8289717958274
15,167.25902705689413,166.71191324902148,171.48211694204852,179.1037416933522,560.3938709825542
16,167.59547333896106,167.1881903143675,175.49727885059727,178.0129471235304,567.0332211466952
17,167.15037526416222,166.33935769818623,177.31228223176882,175.61210106422752,586.7733051061563
18,164.16870564501758,177.8369648148241,171.9109753973914,174.6369882945819,608.3456586744334
19,164.38946376194343,173.04081232172805,171.38911404336153,175.6754801925659,599.9029503226583
20,162.01018967620993,175.4530388288336,167.43901816545474,179.89661005830837,601.3374279684748
21,164.628326701806,174.9112445493494,164.6557857541678,169.6774626856492,622.6344265329209
22,167.88392745878994,179.8916552745314,166.8486889588886,155.30710778098918,628.7136136611009
23,173.54529455032775,179.92452924466937,170.63529055594088,143.22893705505658,640.633806328554
24,175.7145352556521,179.43177809803993,172.8812474049774,141.83158503113324,636.7816236178081
25,174.4619016407917,178.03907809412863,170.40068807742085,153.3567353686387,631.168167527613
26,174.3190177430179,177.87169788612675,175.0807848833506,153.72838599806147,621.924147742278
27,171.04754304749954,177.23841361152546,168.10579748825506,163.972060486268,617.0392598381297
28,172.24587257213497,177.53158639044372,170.1337858321983,170.00076151033437,611.5037018066834
29,174.12416299988809,176.62471418233292,173.7404136462992,174.84632519237547,608.122633784479
30,177.15908401517947,179.38598839902468,175.1584773748481,175.67235166581807,606.9400470650452
31,178.94237487780404,178.54068986965456,177.07179544791526,177.12824472426504,589.3570747726484
32,177.2691173236178,172.86406329410724,176.0731827658198,179.15774086847233,589.3185085298027
33,177.06446527565643,172.23237447090077,175.49942491735334,179.64061987404506,586.9158405195399
34,176.96371829406567,171.63110757198612,174.8771717280669,179.67695890461763,582.7018717326013
35,176.18683919639963,172.16549043441577,175.59010065003335,178.51567843522744,581.101383489369
36,176.07642319888217,172.3036542511566,175.73919609711527,179.5065695579381,581.1492568988496
37,176.1874740423277,170.7856092835593,174.597792486305,177.54616696895005,585.5885558424837
38,176.77835261780226,170.52213394605906,172.89627261880912,178.93466222250592,589.2532724400746
39,176.63396110340335,171.18421642478472,172.93349980444205,179.21053776561453,586.607052535694
40,178.08329156365974,171.28181286138147,171.31576230934073,179.5803440063625,584.0931590347702
41,178.54730965998016,171.41183444745943,170.35396223525666,179.86430133867333,581.5852707009975
42,179.34193367423114,173.1572877624119,170.97964555579185,179.22773468207777,565.884229833136
43,176.0970912806642,171.1608396911457,172.30711640004915,178.4141853619406,582.0057889398887
44,176.07649360840043,171.9075894140745,173.14515164766118,178.04491458274916,578.645711339843
45,175.34870503306334,171.11429521751072,173.0633749970899,176.23174804917005,573.2398246668237
46,175.69575360789798,171.44039253965093,172.74038472709466,175.48865956722457,571.681142788089
47,173.54124167658483,169.55123778547477,176.03057969258808,177.4847593241696,571.8272530432948
48,173.5366803387093,169.62317051759524,176.58541489472213,178.13783138490763,575.3942550472603
49,176.95283771296135,172.17535585882504,173.28031706463437,179.64191568407733,584.5607491901444
50,176.7174456274523,172.23450258279416,174.02088714122945,179.914801025283,584.8522067829356
51,175.12104105381655,170.9269620480854,175.06535789483877,178.45747997010022,583.1041725379318
52,175.41866482244112,171.034857943958,175.3765090983108,179.0285277083994,583.4742558576258
53,176.73117913065525,172.36312608625101,175.20598262886986,179.73848978545323,587.8790457076063
54,176.49016822653635,172.40805399302138,174.70510678331541,178.43132239019124,589.0331050832392
55,177.70049153330635,174.01537307823386,173.78947003503578,177.28119231076832,590.0938902470866
56,179.17271763266191,175.70946413598244,172.2988709985919,176.1107887515308,592.1049661386375
57,179.8186559681448,175.81855877943573,168.9168415597658,172.66583540347648,588.1709616351493
58,176.79351271512786,179.3146520418815,165.460900105529,166.0479615910701,594.1212182130978
59,172.98509475267306,176.29473365715296,159.60512565306018,159.52809227490314,598.9411082834785
60,168.83938205352783,172.6119737252259,153.06072114305871,153.53210181404935,600.4508293160662
61,166.39373486688453,169.5969464883412,148.85704016256219,146.53745679474875,598.8399291470437
62,162.02184642396253,166.63863058710058,141.45150573394824,143.00348497239432,600.3944225701247
63,162.07493656741943,167.88597803198977,134.84706984637384,137.6193039698672,595.2687291941975
64,158.94468175468336,164.2909083721506,128.3511146756441,136.36525536046008,603.2554573263981
65,158.54254195623446,163.97284838701196,123.61999681981054,132.6082830329267,612.76655305423
66,153.77387470021495,158.05856783600714,125.8245014528473,122.01288451565198,601.0376194212828
67,148.08723094702924,152.74837001041166,118.42639617906578,113.79499900658844,607.6758061579551
68,145.60735900367126,147.84269974924837,118.70490542926053,110.52786136624032,607.4663009745719
69,139.67552972080688,141.92869558209006,115.21813076468757,102.1646878563357,600.4487511133148
70,139.67125722782032,140.61789425225658,120.2736705075948,101.25984038285618,598.373442816244
71,138.87704296748703,137.86247696803244,122.01536321559276,103.37387433725118,600.0073049625651
72,135.96016189514944,135.5591368483715,120.78266658574591,103.76595903834952,594.5112540284694
73,133.15801652383104,133.17984014555088,121.28382475141552,102.77518489439467,592.061141967355
74,131.72792768431398,131.50748746122352,122.4954009003348,104.436064308805,590.4140523810378
75,133.39232746596724,131.80007669161063,126.84985201863581,108.69759487313237,593.145555390576
76,134.21379389310175,131.14357201134638,130.9045196745387,109.11798887594679,590.3352755087212
77,135.74566957891247,131.65789751139047,134.48648428103584,111.1883181937724,598.1582861716807
78,138.79081533100006,132.86672477494417,138.99082406308293,120.78061105308228,588.4544206198585
79,138.55012761688815,133.64282378260563,141.76033752254284,124.10892582960425,593.5309835467947
80,140.06206812293865,132.13083120865772,146.5601540281157,125.1422896738935,588.2238593365279
81,138.30220423234206,127.88724868233716,148.67104012003756,122.89722046651616,586.2199497376395
82,141.4978507531982,129.9876747857183,153.00031915779812,134.32102711816782,586.1536451894669
83,144.59724627141443,132.58529562880503,159.51017451499436,145.0734357537769,579.3785621281972
84,145.62930558735914,134.05847120390064,158.89861646233834,153.64535378548888,579.2545771706134
85,148.6178728103801,137.42077990869373,161.05926664885934,155.01926735121742,576.1757172423498
86,151.3276654082156,141.2794425377617,162.11264176061616,157.48045341286104,583.5126158154042
87,149.59080092753544,140.21435449149408,156.82245231695765,151.8297532923652,590.2777839423093
88,146.73284106119416,137.94540302995068,149.74729086173895,144.22052186400848,598.3841536335415
89,144.2256231614917,138.1865626352887,142.9350533867709,141.83806036973039,598.7148547932825
90,143.57962558817522,142.04114048908227,140.69624497569856,144.40660936912735,595.7270209989659
91,142.17261030703693,143.41920078890405,142.7574060091987,149.0370463459522,593.6230707522515
92,140.76027787099179,145.44375267941473,148.28318601675812,161.08379335774669,583.5848903858226
93,142.32669151786135,148.82399818898455,156.3137268487341,165.94503616890933,576.2680067222743
94,143.6275947577741,150.0689173260626,163.28238629624562,170.34356625291886,580.4221911313873
95,146.11806571897463,150.7853067469226,165.7546757640083,169.50802933264794,579.5620892413872
96,146.1400409238761,149.4248129892788,168.4549769168739,164.7633110153794,580.9010776598788
97,145.7432162025785,152.31790198639567,164.10469993059985,168.18477295558,581.6632522895286
98,142.19161651025078,150.90710721113075,158.9966039569807,168.70602813152442,584.9036450525626
99,146.34419970569547,152.68290348961904,162.7394328708775,162.9020228794058,586.8065236628386
100,145.74901202060755,153.1730985684027,160.18299553621,162.8782820595053,589.4461358502839
101,147.41708547400296,153.88456853053202,162.41108264268027,162.34261045719717,591.954929775701
102,147.8594079653672,154.85182825281558,162.34226656400898,162.47255842623218,594.6011046726719
103,148.78440951970524,156.2605679963962,162.17978029868027,163.47905938753902,594.5973410659573
104,149.30932313878478,157.335031555582,162.61495328925741,165.0263425965289,594.2822558112672
105,151.6036708434564,158.84700813538828,164.7634083688628,166.18921723095045,590.4250354176926
106,153.7107796225132,160.95861047554084,168.06131451288448,171.00702684821493,589.5908481613685
107,155.93141244471957,160.97459691295032,169.31382653504264,169.69606423461335,591.9683033547936
108,152.1994761839449,159.9615539440178,161.47797252363733,171.14992739892836,613.4865128150807
109,153.81470966123547,161.07586301140023,162.2502889453348,172.13352827515783,615.5879016380983
110,155.9077772665349,163.24948266368938,163.49059880035512,172.43293639316116,617.286171825604
111,156.57241457173038,163.868959461779,163.78040551739576,173.24302657171876,617.381993986774
112,157.11267323241327,164.1146815091662,164.0639404405246,173.55957761136415,621.614617743465
113,158.53364463387456,165.13606220559478,167.11225312375714,175.39250273700918,611.9574032829618
114,159.39573746759135,166.0132870173172,167.38017904194376,176.13223404781974,610.1694232860633
115,164.52174335359285,170.9906519128236,172.54924595736992,179.89934266011255,600.2805786801832
116,161.44927307389665,168.64361168419885,169.79764290383125,179.33126663577556,612.7838477772887
117,162.15789876317206,169.64425317062438,171.91931226062096,179.09605895343552,621.5993623776653
118,162.3024969987535,169.1962090308004,172.06917164094583,178.46162155895266,621.2834062891177
119,161.51738335874919,167.44244369562634,172.21750098590692,170.90315273079898,625.5913290342031
120,163.1429292124554,167.7523442026053,173.2805806563861,161.70178792458688,633.7840636946307
121,161.41946271021772,164.53119999347584,170.42301767168755,152.23271438554642,622.0936814089591
122,162.4804997528392,166.13458993593528,172.34389943559773,150.27243022991394,626.1016926482969
123,162.63171415867134,166.1101960967756,173.91892596849638,151.7957012825444,622.3660124147742
124,164.86465438219764,168.9326915184696,177.31474710294734,155.67202569467844,620.2474376813964
125,164.42504246697797,170.48648148080892,178.38574435826143,159.43203131438128,619.7630122678453
126,162.98260645117927,169.76994823706565,178.36852652626962,160.43548559770682,624.2855242749288
127,161.68344956190384,169.12493615354714,178.31580337894832,162.16068205791169,625.6471556127256
128,162.673017013759,170.24334790630084,178.10285379533207,165.97732413133028,620.7017816997052
129,163.52133484232704,171.0848844697022,176.85005689416255,168.2417054963586,617.2050256721117
130,163.62077263031992,174.54062502400475,179.18493490791806,174.94999446430452,613.7414786083327
131,164.60790364964365,174.9161575141423,177.81753793965686,174.75313660151693,610.421212125381
132,165.983009379677,177.81786061435284,174.58675475553778,178.0760019391877,609.4665333852877
133,166.36714455337432,178.74782004589977,170.64045261981644,179.8845477594828,605.0199658556185
134,168.174334717929,178.49596351394348,168.0938753166539,178.3647961487826,591.1624744007339
135,166.9867081704239,179.97230044690275,162.17214834808385,179.00636487339713,588.6313993581564
136,167.38629298413048,179.94343142832375,159.9086103572612,178.34780636521631,590.603446601469
137,168.3170650438388,179.29163056197416,158.1049326322603,176.92425191406252,587.5865758380976
138,171.9809697126531,179.89101716425023,163.16301710092722,174.07779038148286,583.2475951538961
139,174.9438360179443,178.30087166782025,167.60628412288818,176.13924823907766,588.8343663563551
140,178.67759340897877,175.79723623203063,173.35328300899937,179.72518153611165,606.0151943555546
141,179.7666040691349,175.77988804915293,177.34868348732115,177.01042721415854,609.2237457061912
142,176.94445949140425,175.39602496194433,177.46506545258148,179.21479605117793,612.3488573873502
143,178.6624791541619,179.20896838177222,178.09698521975324,178.5107568343834,606.2294955904
144,179.64128936138434,179.44541828133555,179.5266420049703,178.75246674798245,603.9246185158656
145,178.16177793028749,178.65321424344862,178.88761884041887,178.22241085119555,607.8752934699181
146,177.9121659482737,178.22830951715338,179.29046181496716,177.85165726952488,615.1418147419743
147,176.53020582023302,177.08110157087182,179.06539443268179,179.21998880874196,612.7443710182453
148,177.89426446726694,178.13380668253888,177.30682275475237,174.51339935966354,617.7782210276314
149,179.3652536909608,179.9474864028146,175.32473218651336,172.33374510958248,616.8484513569301
150,179.45509034239163,178.8576446153623,176.39149492789403,170.52135948998986,613.5645498524163
151,179.72421939552956,179.43813859229797,175.0990116986857,170.87786182512562,620.0970357895636
152,179.73461365400826,179.59153768840102,173.85178022787898,173.0636698251751,627.7798762703442
153,178.65117575255618,178.25356136518445,174.53249800765172,171.99863465449113,634.2521837394869
154,179.71301569218872,179.3460474334037,174.58807892304554,173.16953035582173,631.9825747133327
155,179.17224456629134,179.43795778040055,174.8884353409448,173.76821900249442,628.1378236636353
156,179.30369968493562,178.54798821623058,175.4400591671231,171.63718475187952,631.3521337649549
157,179.76658497447409,177.6538865094668,176.84768907843699,172.7987589183457,608.9696351631244
158,179.6681125082516,178.2411156761852,179.59796583394404,175.23718018259675,622.4423781844622
159,179.7614302664949,176.3910579849189,179.7443727911757,175.032787912605,606.4553469806318
160,178.87526687735564,176.80953992481525,178.01961770048837,177.19349783012552,588.8314855718406
161,179.45938483015615,176.42657996006645,178.0827058219258,176.5381108059794,597.3232745633716
162,178.90960057117164,175.63650208898093,179.43881588641403,176.2135499097046,593.3297751235601
163,177.17350103638972,175.04721679076349,176.01370644317606,174.92831285706995,596.5289161619817
164,179.17045404687286,178.23575110824572,175.0279742680083,175.37689212662468,593.553120235418
165,178.50175034281372,177.56849157216575,172.65375671583584,172.77116643128852,592.7841935327322
166,179.60533693664073,179.952193806084,172.22351381471276,174.43430498328266,593.436254113515
167,179.82593076876415,177.92579997220594,172.59953487908322,177.05725310891657,593.1558958404867
168,179.99181634769303,178.06242648094226,171.91190061449063,177.6758912273301,600.1471765064964
169,179.81845877631548,178.5554190591313,171.97653044052953,176.99868111036963,602.592709571457
170,179.7378160121549,179.4349324506359,172.3781080791251,176.4206084500782,604.4572881771967
171,178.22968471437053,177.19067647644238,173.33492107270732,174.14820520008038,618.2296984052308
172,177.71209129468312,175.93800970015147,173.36753761292405,178.2598489808499,611.1757779893614
173,178.869066328726,176.90042725877097,175.05201163976815,179.15761308247525,616.8257760602391
174,177.882941755555,176.59775690757814,174.63980606912313,179.51691538915588,612.6118888014096
175,177.91180507714756,175.95657294360885,174.62903522017527,177.831578845617,611.8849347146534
176,177.5933210322688,175.4564689590403,175.07209859131058,178.27320548386393,611.4565143595072
177,179.95275528855953,178.80419734424098,175.33966924193373,179.02749047482402,619.5078959667879
178,179.20989868778005,178.35039688876512,172.67059386967983,177.50205112134378,622.2867587877565
179,178.17848942005125,179.50627176405743,172.55965391488314,177.5260537936051,619.3492072033423
180,178.10509909439497,178.7798299108256,172.5355228840874,170.82976740363594,615.6151108146269
181,178.29420230743509,176.69690222455029,173.44584791971462,164.51820843295445,613.1822239880742
182,178.27376271839898,175.49367591883447,174.2662989396738,163.19633421370963,607.2351714517731
183,179.13234912201233,174.7237264146543,176.224123533859,163.94972629592405,599.3535320073833
184,178.44433124503342,175.93467841389113,178.92486632767847,162.89610674621127,590.6483903020738
185,178.57740927995033,174.9319862057926,178.7356746068754,167.9815343437904,592.3072345458828
186,179.76018208443423,175.0140308736646,177.12901551898833,166.87303210835665,583.8789604203112
187,179.33416784219617,174.69725944502645,175.69372748171705,169.28630347855903,584.8209492137503
188,179.06975984834853,174.60248261621723,174.8056693186384,168.10415687340858,585.8919692350427
189,178.68694623598375,174.7667149688397,174.45349885617927,167.73163128740003,590.5421553769515
190,177.76081593653564,175.11478109124488,172.47697632539715,169.0126057858676,590.9306853354445
191,177.29043295098236,175.7605904267612,171.89186165458403,170.69042845006618,591.6714700528368
192,177.49918671727116,175.3208899834156,171.3967500237076,167.8664797189074,592.294804390659
193,178.0707844561987,175.0161660644835,172.4258160364182,166.8774226935317,595.5009963751666
194,178.112113193131,175.07226266953128,172.27264796765712,165.60494390065313,599.2356154813018
195,177.6431040895232,175.22160779071478,171.89155272284418,164.45156839084422,597.346323649213
196,177.89246333631155,175.4386227871667,171.29494089522794,165.67564405209734,601.6996809149639
197,177.7630474846164,174.52825344912,172.1729206748053,164.33763686952403,599.4816472336868
198,178.53530481680642,174.92520477791945,172.52682709231874,164.2451421362149,601.9180363850166
199,179.481449799244,175.825104755271,173.51218201283083,164.30113450864135,599.2681837671344
200,179.86673445836638,176.2429970739426,174.30014210953559,164.02386163280875,597.096961152123
201,176.09972974574666,179.00020834224813,177.77139216798287,165.58402776397844,613.3092745705248
202,175.51984947184138,179.76845253316833,177.8152094499878,165.19656838207138,616.0217622917247
203,178.54760576867162,178.5104797193247,174.09808730318758,163.77533335539476,597.9168689210675
204,175.67816350664833,179.93371756763744,177.54477131702225,164.7694335864571,613.4330051757204
205,176.0960909770466,179.18485349775898,177.22518237852583,164.67971371823472,613.8694839784165
206,176.16368556243765,179.1192117668918,176.89806141848644,164.78236459929064,613.4080332039897
207,176.83185480810212,178.19919117387437,176.6809731590936,163.6270339589077,613.1072487577369
208,177.55791012557552,177.47886892168313,176.22005660578597,163.33310286360933,610.6907864125848
209,177.84462444152658,176.85866167930257,176.42448787854633,163.06221376547356,609.8188095648255
210,178.4061801081662,174.5234921482581,173.19237702931704,165.37730500463022,597.4237861310797
211,178.1208784171239,174.38243709064938,172.64188012931174,165.35497039987195,598.671465716819
212,178.01548676012737,174.14550887166192,172.48408585698508,164.9915434302903,597.3820088137122
213,177.77996328051418,174.10837434996634,171.9840373272647,164.88862835790025,597.8274384339438
214,177.5018025606787,174.04273359353135,171.9319342324574,164.946702589131,597.7016886111645
215,177.83740879835162,173.7899226055353,172.84753144589945,165.2551004609587,594.0812234899965
216,177.97380188103628,174.32616287774516,172.2333964304253,164.48112074071284,594.7051197894506
217,178.1032124762051,176.34449314387047,177.24511127977047,164.3919949690853,600.6352283456666
218,178.2517462758356,176.18310787564909,177.06449069923903,164.3504886132499,598.8952299117868
219,178.26861226539629,176.9052426502905,176.6649883820974,165.59148456667552,597.6778256958354
220,178.34913478790352,176.95955755336664,176.95490090407714,165.77921480563475,598.8345597917944
221,178.54535340897235,176.43585156902049,176.9495682050472,164.81366843312668,598.4707794953737
222,178.15090226769442,177.08839119108507,177.35293143843126,167.3605436058125,597.1913458965083
223,178.0700413948966,177.17437685576786,177.4930197821919,167.81778229138834,597.48672617111
224,178.0165451488636,177.82766471194623,177.56255014516503,170.20064044574403,597.1915254419469
225,177.72876252733442,178.2939705531013,177.7260595191874,172.5561605547875,594.0951075721804
226,177.88101241756115,178.19284315335668,177.5347283735624,172.65633404200207,589.2577836752994
227,177.9016286652805,177.50212095546402,177.66048210019167,170.52476843626454,591.3818104830425
228,177.9338058171079,177.4310403667001,177.43126766050017,170.43008814518066,592.4311079972009
229,177.30831862692563,178.02578728001777,178.00534891623712,171.02202365984633,594.0767939239195
230,177.1513632616511,178.35199470616533,177.65119638597886,170.77683821754846,598.1557199240775
231,177.07741352161025,178.70780720824004,177.07917766565586,170.3446984087455,595.2666358313651
232,176.8001818893146,179.68356374021295,176.82322385021126,171.56772555501945,595.546184589514
233,176.19838645503438,179.66652288170192,177.27199810388015,170.98084097740315,594.0326718261736
234,176.3330320702062,179.37562874907366,176.3855960965679,171.011128322511,596.8585503934918
235,175.76918583124765,178.76242276353256,176.46472526831596,171.35147484777747,600.0265789107843
236,175.35792220268794,178.47069393924838,176.4920403440089,170.88104816018895,597.0490557869119
237,175.36185055787118,178.55718994535337,176.1017314957019,169.65967247025733,600.7786288946351
238,174.69346975104347,177.64315689376417,176.5911808471,170.0965976899101,601.0650529502892
239,174.15900542021419,177.5205966646043,176.98284138047285,169.39316632456809,602.6301610879503
240,173.94493614434478,177.18859139488325,176.50148085221903,168.83445743185482,602.2772774027436
241,173.525702853172,177.4610086903786,176.46126093276692,168.13111851600465,605.5150310887675
242,172.50553002509264,176.72161217581868,176.87620975740796,167.1944697476412,605.3868795096756
243,172.5261053331635,176.46210889912055,176.74747869922624,167.78474411780752,603.7652990534174
244,172.42911514809822,176.17226653593923,176.47399669313455,167.9029159575536,607.5865648329602
245,171.7202739347239,175.63561023989521,176.54619266628976,167.3062303161758,608.1642046277013
246,171.48408971814536,175.50749981543908,177.31630499081527,167.3838618928354,608.4370865029928
247,171.21871144192386,175.26200520037182,177.40101681905188,168.20286274606934,605.9507293351753
248,170.7622376541457,175.07128106759248,177.54887381708096,167.25714870806016,609.371006666528
249,170.13803414903668,174.48478790778393,177.91869436735152,167.7108822267514,608.9839561279535
250,170.49040162171994,174.1991430416496,177.5999092108622,167.46061960409554,612.7491450884589
251,170.77521910669077,174.22923012338532,177.53484131616688,167.43770455819003,614.6850791069004
252,170.43061837511434,174.30883757561506,178.05253967948656,167.58307059829127,612.359735903027
253,171.12453561925076,174.65992261222584,177.678649006844,167.7745708822657,612.9216055575437
254,171.48022316680243,175.06710638232911,177.368536701662,167.51535763959558,615.2581935378998
255,172.66214320782655,175.98020706512315,176.67137163121973,167.84570057204118,612.2838672604738
256,172.77991435482053,177.01491646607965,177.13001454155113,167.32183774559329,608.196648122381
257,173.22230802036307,177.4486628766515,176.9439965980242,167.51154821273641,608.6392856599197
258,173.77059891423687,178.42937777804804,176.94956820070027,167.01098876788114,612.3881535105514
259,174.09944822832097,178.76191485217657,176.80019050394642,167.097914265357,607.089850971872
260,174.66340558069058,179.60826661903943,176.5867495749519,165.61925174759617,608.346672861873
261,174.74084037950735,179.8400831480614,177.27321168154205,165.78233533959138,608.9171856603192
262,174.8249470388021,179.87437014712296,177.36107063143763,165.01927158975386,607.5600178782393
263,175.17101837444892,179.6455917863538,176.86391338002562,163.98055933928134,607.1538405628538
264,175.41887201340003,178.80917884999425,176.8061879448303,162.1993710198955,606.7591104266077
265,175.30136095718254,178.8999435118203,176.97297827813603,164.57747190115674,601.1424957267764
266,175.50502937541435,179.20806584186266,176.83837791409164,165.15540924938892,601.4065950931179
267,175.6971271062726,179.33308172844255,176.7525231318069,166.5905033214942,602.59082814192
268,175.65158540432466,179.2877461946459,176.4528498476274,166.55064890150248,601.5431931857938
269,175.7107402977117,179.1665160855115,176.60440417629584,166.95945369010806,599.0697355501356
270,177.8558512941909,178.35387986185665,173.6950764203046,165.6861745678322,598.4040372874066
271,175.28142747519757,179.62775232625577,176.73906645898677,167.17801598296194,601.8476543712842
272,175.23116968679932,179.74416174118556,176.7405238408021,167.46120970884857,598.8644357822425
273,178.57338975760325,177.91756750838232,173.00207039334904,164.81568591051018,591.3200364499137
274,178.43788558507964,178.05592616685473,173.2490587858722,165.58197920582188,592.6565224297399
275,178.20801202766225,178.45428204753853,173.76445008696965,166.56992964561945,590.4888170475881
276,174.75205440958675,179.6331818020571,176.97547659163155,167.64954586161525,598.6850593565985
277,178.24520406368154,178.32258089858817,173.70654964238042,166.59332325075536,590.7469039578181
278,177.69781962469833,178.91673625694244,173.7853951211689,165.83057937522562,590.5023258774148
279,173.97366585448344,179.15625154870375,177.80831389188114,167.9975009001179,601.3043754788374
280,177.89500572969465,178.7060319589916,173.6610720540924,167.20239937869746,593.8392316128377
281,177.96308546780534,178.31662784445706,174.3788576890364,166.45135504713474,590.718751717127
282,176.9648178317349,179.34355035069373,176.03900969142651,169.3284648972902,585.6767777587918
283,175.99769490810266,179.85584676527574,177.41808441573474,171.0782751688889,586.5973381337365
284,174.34283864102719,177.90192358267888,179.94842287744075,175.43670804266637,588.059344073811
285,173.13828860150713,177.16280209319714,177.73449892262,177.47378937954315,583.4067715684811
286,171.07009797326478,174.60732309913737,174.59227336301296,178.3403698144666,584.4651841871776
287,167.8822148275991,172.69862323148223,169.76004808204428,174.93749157526653,581.181386907759
288,164.87408738837874,169.08865476760568,165.7123997751399,169.01638773052363,578.7783897662088
289,161.70884763215125,166.5838604906601,162.3529032442473,164.39090828497254,578.0613940964012
290,157.407762743707,162.57660070205307,155.1226579511989,157.78658524147227,575.8894206548669
291,153.7020225177102,158.38795744762234,148.64110343428106,151.27927997459042,574.7268796916519
292,151.67033357198187,157.8300693253558,142.83337857497628,147.44954172595095,568.3127252312842
293,149.52830653039413,155.9792757223916,137.3845843468339,147.6980673918042,586.5933798181304
294,145.9642240753908,151.9953971433115,131.35158525639613,135.5987945088552,576.0506321819412
295,141.660677512896,146.88727091366133,126.50818722525797,129.03362992665922,576.5404500610456
296,138.03296794028452,142.39922784653103,121.238845141979,122.88065051046975,573.0297660489232
297,133.97496937275557,138.32294772902978,116.70655597596848,116.18218690300222,567.2985142542943
298,130.43711229169207,133.38628912262297,111.07781784916574,110.03993919494476,562.3182207466514
299,125.8320875664749,127.92298737835493,105.96999788468649,104.16330671326806,554.450424752113
300,122.1413897564638,126.07186366985587,100.75010273583183,101.56308876896341,548.4919865806913
301,118.50021224492836,116.70020678551212,96.3994536428419,87.28584416832167,539.0676604350684
302,116.32656254035146,117.76434181451539,92.42239236698055,83.44237842935755,527.9500435412768
303,109.6841770235969,109.45382999107373,85.23688218470541,78.86927826049626,530.1462037432171
304,107.67950478271695,103.0635671528791,81.48365829816329,75.34783129970995,526.9063802618477
305,102.88937512845379,96.15355992330511,77.78455791719071,67.14816855097145,522.2514043391599
306,97.99465684443253,89.16589726303658,73.22109797935114,61.723731421309985,522.9149677642351
307,91.60584739881946,82.7216723191935,66.58362864875488,55.30557453076886,521.95292798189
308,87.21844992977508,77.95144573180954,63.01804661233458,49.353839054420924,521.9536156021941
309,84.64987640873456,74.04433712541002,61.796983172117116,49.1944463167837,517.8546187177128
310,82.072905783596,71.12117453749134,60.64720746555687,45.695417888399994,506.9393912357972
311,76.29376083985535,66.38172862997801,55.71812471793855,39.37482648688134,501.0727437956984
312,70.36363699854648,63.142842732466356,51.65821958354475,35.318005143773476,513.5613865541361
313,68.3869333619989,58.1965650461909,51.57633068174053,33.89362273129967,501.6625846869356
314,64.46264903594924,59.04956873043741,49.58597516792613,32.05466377394592,507.4884683509531
315,63.10726779581886,57.665907983708,48.83660781655097,31.703502227858134,506.98286200441316
316,61.883776551607774,57.45946224010407,48.42537139538735,31.509009429131815,508.56816769583816
317,61.268441616670685,56.67747290188803,48.97777185338738,31.090519724407624,506.0828446327709
318,64.88310657055555,55.69536557493364,51.4255358128208,33.88953821161489,506.18297104117846
319,65.59692366885382,56.29955326786457,52.10826836132828,35.27847570068212,506.04625188308455
320,67.9483330114848,59.91295813264668,53.78184945265812,35.102330850398076,493.3479999004399
321,69.85455363002542,57.97666381321715,56.90211995787309,36.02500178715611,486.05386788392866
322,75.68892797752238,69.47856636135549,62.316217359672585,43.47381508074413,498.24866580168685
323,75.2225207950266,70.82070585643699,64.2470064110183,48.780832210409386,518.8367108458126
324,79.87528886338121,73.85474667339483,69.63615825965064,51.34391732629488,530.5501581234349
325,82.49683092933572,75.38129954952119,75.3414778742141,60.25800294314813,539.7516489778611
326,87.5209069603014,79.81273779868114,81.06569484645878,68.6161841500495,539.5266737694141
327,89.60605066445903,86.53919386088808,83.59290988988032,72.44034122999054,552.3510608132545
328,92.93156256503791,90.57121249685578,88.76151723467443,81.71461980863961,551.494157696113
329,96.75242406444026,95.56703081166495,94.16887042371592,91.45269272567816,549.1590708069431
330,99.89543858849439,101.13229281704994,98.99528967547111,95.61267242582977,553.4859670983913
331,104.45215778262717,109.1405896773501,107.25695486529924,108.06281839589953,549.1651457758904
332,108.86121184396586,113.69673091908894,113.66448546788311,117.01970895867892,538.8311791222857
333,112.07211631710543,115.64388532044259,120.98148922021018,123.2552916620251,530.5303514315071
334,116.99520146982617,120.27386865658221,128.3007896685118,132.01101090968805,538.4043121334649
335,118.80388480023841,122.98776589600169,133.6165870844917,144.04187952330204,552.0945012520639
336,124.02256770903978,127.92935713208931,141.2355756328363,151.8963238745649,557.1106314572974
337,128.63598282272437,133.34744023362214,147.21083263139374,162.25824683624177,560.4507122402948
338,132.41252430556798,136.0594711495162,151.60418356800662,165.74531478580587,565.1451196789936
339,135.49329275736628,139.65440425382786,155.5575434606866,172.35154217754712,564.425394734861
340,138.6071384969589,141.42821392162463,159.18526065241878,174.82585575516626,563.1530707430907
341,140.68254604647086,144.29900656069296,160.42960859437352,175.14144688321065,565.1838685989402
342,142.477403477717,145.77879139158048,161.7053125482361,174.95088264933395,569.829037477688
343,143.90014280730531,146.4666893422436,162.20752025655528,173.27612498770225,572.3181688914565
344,145.71970209010826,149.15014015902085,162.02844919181933,173.71064876873464,575.1010754293417
345,146.79381570241082,150.46174788552332,161.7301980495802,171.8568669816781,576.3701878851795
346,145.4519213959165,148.40274374566235,159.06070817772925,168.4984507176374,577.3512352650965
347,142.70078742804918,146.13941438296303,154.6655820195094,165.90233510535103,577.2630058341146
348,137.1833970094975,137.69005634894256,148.40201547651822,153.32608206130413,596.1667902459237
349,134.59501972028775,134.90418348870372,143.72763143772704,147.44165840587675,593.8646344322526
350,130.70403585112237,133.07135879667484,137.7775436749711,141.6632541376561,577.5549201892546
351,126.97905518474299,128.56923288542725,130.89063038747182,132.1203301780923,569.8352582529781
352,120.85260230487029,124.0565537104208,122.74579749272966,123.77430250383527,552.9439584737656
353,114.57717508785286,120.67316986599894,114.40284449775358,114.72273745766756,537.1702899922749
354,107.1199611470232,113.42782734876683,103.40328932086722,101.538537057571,552.7791541023939
355,102.49697379559687,107.09874071162248,96.37776521419855,91.85148967257375,553.1546665991901
356,97.91656336821138,97.18113118127187,93.70156915369647,79.2478867761048,541.534194245099
357,93.47959337183198,89.86567767842327,90.45459181508559,70.83695160594125,526.9149576807757
358,89.57082682899697,82.06277450421852,86.42278562027411,64.69764841967292,518.799775649378
359,84.14395431287376,77.80973976761896,78.03678389355608,63.33238249332224,486.4134906698556
360,78.90018407478863,75.51411732211197,70.96345117659094,57.651924658604926,468.5417013095584
361,68.73593115108443,72.9317666609795,60.91145856727939,51.28668213453793,451.8679762184951
362,62.21010901086435,65.90137479956412,51.77221559067227,45.60965194870148,472.3378205079049
363,60.317911471665965,60.18592421258503,57.993624159125936,40.299553528404296,510.5832187550721
364,56.6905902173208,60.49523289448951,55.16921650128751,38.11372242273896,512.057729481172
365,57.914238267640265,60.6854993885195,56.23989473005965,38.27004139753098,507.6146138057536
366,59.24040590370198,59.41020215636418,57.69706311176841,38.324422086180306,504.43813654023285
367,59.19126080268272,59.14586241333953,57.516169877445954,38.114593691156,506.16156853977077
368,59.83915368384471,59.36420417684287,57.2390486470084,37.284706159396904,510.1838028044236
369,63.159382072762696,67.82815886718788,55.14121748717518,43.48576430069824,502.90398013001686
370,61.024816864178916,63.578844708089804,53.037823116766255,41.279183180232664,532.1436683620875
371,67.7401385552535,64.26029638587109,61.95574619390491,45.471945183898704,502.67759638233474
372,67.12824559982728,75.933170006767,57.18346882990042,53.55110461764455,460.19085142294495
373,75.22403050855272,77.8401138446042,65.20107158289004,56.98488011820072,462.7490359086516
374,81.05189086895294,78.55121722572167,73.3304583461287,61.792347215853205,493.84650720748397
375,85.87067109802821,80.60134398425424,82.01481788258654,62.79013972007641,516.9306923916965
376,90.13203427476519,84.6450261600901,86.67188725427724,69.44452648974348,522.5059128375524
377,93.92523777918085,93.0125064940653,91.21749930835045,77.36548460453898,536.5206721881402
378,97.05515654229062,99.5121224537655,92.76187677903414,85.27258569678885,546.7648914949079
379,102.7875917189647,107.37179354975994,99.68332063225955,97.60845753560287,550.8462572885772
380,106.66209138026993,111.73552334233133,105.23154118756061,101.13473400848713,545.154432303665
381,112.77423107250435,119.13964093071829,112.6867172823512,111.39010004179363,543.6322107106994
382,116.69250414420927,120.85577754955912,119.60797816446735,118.72006461761887,544.5707422273639
383,122.90308396282471,125.0897396505236,128.59702692958086,129.0184441799958,553.0849423013358
384,128.7138913975954,130.30175354740092,136.3906924764533,138.6936681049317,565.0385587492099
385,135.41422388972205,135.86663610201163,145.30008174538477,149.24211247902025,573.2246787613059
386,138.73774410522662,139.99114596162366,151.52645725013392,160.17771379383095,582.8701554361309
387,143.82660129513192,146.23501097332883,157.3213809198589,166.55341503173563,577.1609836674091
388,144.80177653363822,148.48885049103527,160.1517476185498,171.11853209925306,577.0847445811334
389,149.39063752341062,153.089848763535,165.5654222126282,175.47959199723206,577.1769557648502
390,152.93885614735552,155.92757864297892,169.66823526886085,178.58935672456727,576.8080492497161
391,155.35799151449353,158.87539887815376,171.54300626788893,179.27475086909809,578.5650191455378
392,157.16033684661525,159.8429347688165,172.92273069121694,179.7673240464094,579.4237569454795
393,158.3723028668348,160.57349525303886,174.68858361668532,179.5715762840226,581.7407038739199
394,159.2358084360541,161.46080079607577,175.30227115079737,178.83065223440977,582.5415799677068
395,158.22248673411434,160.86124714095453,173.9062118414836,179.19827842038274,579.6626439267588
396,155.97433039477292,158.53412755682604,169.54341233893734,175.14473490903865,579.0783387648949
397,152.7479611402848,155.81764837634248,164.31685342054038,170.2154961387724,574.6140344202249
398,147.8506712000772,152.63941957747096,156.09725126342562,165.8699069562482,576.9315394710866
399,143.56867014695877,146.67825596985148,150.48547591427516,156.55892198964582,576.8422710608677
400,143.19273523274518,147.34574732088095,146.6687244532167,151.32210969239418,575.1437074071429
401,137.3041366730043,141.21726700665153,137.64857420119466,139.86457268728356,576.9158803008079
402,131.63483693864015,135.5921876113224,128.98089933427926,129.20459614134145,570.0868164958522
403,126.85751025408469,131.69959787026053,120.50015590787787,119.7719996984199,566.7427390878267
404,117.69205802901445,125.54389929002433,110.19749893247814,110.31488141753898,553.3040535261142
405,111.26779269417874,119.7490834944288,101.95584959866089,101.47513308144755,550.0641431256539
406,107.59482586629386,114.36092301282324,96.00307278075083,95.44744433149722,553.6688485338383
407,101.61163158918004,101.23642830294881,92.93691263565371,81.82407633223156,544.6097557181813
408,99.11782295456389,97.51711988891279,91.3744612963347,71.7611103779056,516.257452569433
409,93.18217664719111,87.23582495716623,85.82800062205357,65.87650449914533,515.7031054931123
410,86.11534064351636,78.78117611388531,75.83958089793725,59.769489718260985,481.43767729497574
411,80.47262113248243,69.82242398085958,74.41306061470235,55.131473900382225,494.34667716619555
412,73.92837736969446,69.03486623318028,69.05047493121644,49.9091312556428,487.3953424264441
413,64.82740142723037,64.43478734023417,61.77654034730746,42.9042925272297,485.08950831212957
414,64.7940970478386,61.51702671964446,62.368623619948934,42.23951264979171,485.88547155535946
415,61.973852642414286,65.14215607180574,59.45905386574454,43.08025997757627,495.3819893595598
416,60.69688460300342,63.70608427428627,57.50154150744848,42.371579914573395,494.3457543490595
417,63.12565684447922,60.49544919283188,56.43872264305874,43.9957310594408,482.192080477897
418,62.68157862250745,59.70736187784889,55.307003009196464,43.54673371794461,476.3566030405164
419,63.87667851267766,62.20212236558822,55.58788294554087,43.580486741542124,478.3567023562672
420,63.19127476726759,57.89304734370584,61.45310118674272,45.02098378929118,488.48606710166206
421,64.34093854682183,64.95460599248122,58.23517627410726,42.09163676071773,496.7187021237914
422,67.09771527808242,62.24164272379758,60.89010220257781,42.21625072901899,490.5501333625307
423,74.34241608056729,69.15559147531275,67.7122740298881,47.959965205178996,476.7276057515361
424,74.53031787600963,71.56788946046164,67.49355139529125,50.705177380513085,497.4264061549741
425,83.85845011768237,77.22868317611923,75.54798233224064,57.636378261754494,508.39367149821226
426,88.23459562325665,81.30264749598287,81.48239338153569,61.51562361824997,517.715877381026
427,92.07799451318533,81.91195434086848,84.53021738049083,72.64815253830888,526.5963931051532
428,97.42509604823951,96.39695219708446,89.91071975215281,73.47091231012948,522.2908520251588
429,101.63761362149566,101.92344500942309,94.12143411708816,83.0993183943928,541.0558124758945
430,105.37742192008974,105.99580690109235,98.1384761409411,92.77622808907765,547.190192634766
431,107.66891160291499,112.47536281996088,100.3845158645172,99.88708190354532,561.4818862381978
432,109.78352478524681,114.6022429315159,105.67390757796645,102.4302342950392,557.332770703626
433,117.36640107587955,121.83858837785783,114.01718059973044,112.03687057567069,560.2028546107488
434,121.65343711215024,122.6951228902139,122.41554548004616,121.00832814232803,561.1290722704421
435,127.5294467961953,129.03244364575565,130.89145412181523,131.83300775470727,563.2584150447701
436,130.83005170551516,132.98446764804152,135.13776731111608,139.3693067343038,571.9711545918202
437,135.17960378141453,134.80107552270653,142.033774578652,144.301158956013,588.2131881074888
438,138.07761324036298,138.36498716058236,148.0795074905965,150.5708940010742,588.9374455275706
439,145.12390925755315,148.0972349119276,155.65615723176637,164.5617917312594,571.3849939270721
440,149.4725731709623,152.56204617124408,161.56810114451852,168.41906513603763,576.8074756699406
441,151.96743718332695,155.77962513143765,165.5690068906033,171.64370902298617,580.2008716719537
442,156.93567524532995,159.8920050536216,170.0824396653762,176.9276644014046,578.7323981001257
443,160.2829325415488,164.08310046737165,173.23035359362564,179.8066807076978,583.6070944335961
444,160.59867391000225,163.67609942861102,174.2797181769438,179.65381681738344,581.5956215654786
445,162.75251246272597,166.48228097499359,175.84948277882856,178.12302494983876,582.830188698317
446,163.9800642205498,168.54473900200503,176.4051378667092,175.01767856701332,586.8916466978468
447,163.00080233760994,167.96124318676615,174.84019320962096,176.4174813774735,586.7404406409548
448,160.73050682882544,165.56879374800278,171.08373512392146,179.52252127940156,585.9820430921008
449,157.47089758655642,162.09472173261892,165.95288912798478,173.34643334151764,583.7352680615959
450,154.08853463847535,157.07836969019377,161.0950092217409,166.06188672460723,579.8784864511987
451,150.2848120658789,154.53049770844606,155.86046268133657,162.15437559473986,577.243138607058
452,147.2623380569824,151.8195557368312,150.28254845160154,158.56579830431812,580.5438252804878
453,144.7194946132968,148.21067973091243,145.15613536278974,150.48012043718978,577.8255553290791
454,139.38548471936602,138.75555403172123,137.65878554742105,134.09855068289886,582.6535027048252
455,132.00554857800208,130.86202663127364,128.98508374783557,125.13952646034741,574.4709759180058
456,126.08253532747153,129.7612056350211,117.96361885953014,118.61820822308584,578.642805136511
457,122.66541833579261,125.68944066467458,113.91866161431655,111.41897782793461,562.1164409875641
458,115.08887101792577,116.26701472130306,105.81894084288011,102.23177656747636,567.2282026573785
459,107.63427377660236,106.57934936606725,98.70320577256025,90.21940261518097,561.7861206584257
460,102.83300853906766,99.73918236673914,94.81187549179577,80.78366035860445,536.9201454093513
461,96.27383674874369,91.72893638830068,90.12298136348635,72.01054063165518,528.1801182262417
462,89.80141805021924,82.73849946874111,85.08595367743632,63.419313378794286,513.6332915682992
463,85.12833269023773,77.83391241799038,80.27237911544901,59.57378754855797,504.49749873670646
464,76.7437459508744,69.64541098742279,73.78304735990825,53.37800653754117,495.4181249957217
465,71.3043168522978,64.23971110648627,69.15273890614316,45.692214522510405,489.1480450352336
466,66.32958804014119,57.51923492942592,64.45952713927868,42.14292353608964,492.83776811947445
467,59.94080714673074,58.503059400197486,58.37217495594862,39.225370280928416,502.54677089341413
468,54.268030038214064,55.79572447891609,52.54006342249042,34.26874794247326,513.313548343577
469,57.28739672328168,52.03764177021213,49.31985348462735,37.24622866452246,505.5765799443352
470,56.769616845455445,54.35849107971387,49.059850691693526,38.86270661952321,495.414260755903
471,57.72378426310789,55.80031037483422,49.94742474341866,39.44700524110273,481.29707849105023
472,56.61620948766184,54.257866002025075,48.97069287891177,38.38558043044844,483.0343863390775
473,57.48303965895329,53.60207402990694,49.18888827097534,38.2379816475136,487.5087723958049
474,58.105072620603686,53.28074577310723,49.11741275349646,37.780103445775985,501.40741201244447
475,56.329177891323845,56.63972873822906,55.21838217697641,36.24866808598941,497.6322096908823
476,62.91040473364061,55.72893273276825,60.517867597973215,41.16238182740148,499.28797562487506
477,67.49793403500821,59.42812153679127,64.5278958685544,42.35020324718481,492.5855593683704
478,76.56627666119813,69.90721689984237,70.94436550937858,48.93210791452357,492.73796691539525
479,79.79766400831228,72.98218770067758,74.17667784159025,55.157851428181914,514.4457497150092
480,89.95317774258632,80.73077518416365,85.18734034423272,64.53458160385365,506.79832068731844
481,94.727091060522,82.35804619145932,86.93124624231865,70.1094905473995,515.2782056465805
482,99.90165034466241,95.76300110790314,92.28545355903317,74.21623518892748,517.3318542233739
483,104.3054709622148,101.62312458812235,96.03133973230904,83.13932858987727,533.2939446820831
484,109.51301389385807,108.4659302338312,100.32072862897083,91.64669303049472,551.3092020986501
485,112.66383316465296,115.31550666908888,103.02313442514827,97.26212534587664,565.2232869783475
486,116.66191831353711,119.7212774681494,108.62235437998169,104.784674240644,571.8716383382697
487,124.70140092404164,126.19415592545282,118.0831402573464,116.67548077895971,575.2518064284592
488,127.71681623632914,128.3754616003291,125.19947537292694,126.19565112100025,575.7790688734485
489,133.70977632947222,133.12523554520004,134.20831830196158,132.81140558996788,580.0198778550109
490,138.00748696682788,137.93374925378845,140.48018195421085,141.4411841589691,591.1725526635678
491,139.75072559179083,140.01179835491948,146.04853397300016,149.09430648500546,597.2691154685289
492,146.09990264809792,149.14701172314483,154.16826752286326,160.11780664225847,578.4314977596617
493,150.62605286090127,153.3602699192156,160.55292433898515,166.54865320456986,579.4081519381641
494,154.66161846598288,157.31392050095255,165.51602017699747,170.80537435117398,580.3124998907105
495,157.68048056683887,160.14341192023736,170.17711609129137,175.62443481675967,580.8120339267231
496,159.5687945815616,162.0468552992217,173.28615801198498,179.53263807224127,580.1076794496092
497,161.90198326835016,165.57460688248528,175.83727256483263,175.51261005187223,579.1641648123352
498,163.21193356631306,167.1199356838465,178.25846708074832,172.05253985729573,584.7292127314465
499,164.25303939906013,168.2693643907343,179.2355422632672,170.03679418915598,585.4086488046532
500,164.86368972646008,168.97326970172924,179.30973569997855,170.0210975640406,584.7117974827161
501,165.5493282713795,169.33760309329216,179.2890431565454,171.50358299215398,586.0138904652235
502,165.67184293427613,169.67490109612365,178.6484443175561,174.92364019095112,586.1674050378799
503,162.69885211663194,166.0058026273772,174.36033866882832,179.47011260315264,583.2331795492776
504,158.45344318003026,159.3345233283103,169.26466123366595,170.81356206746355,579.171841977138
505,154.20422114238596,155.2520903135887,163.94785783164065,165.81486463510294,581.2442118600162
506,150.9183224641906,154.463855447531,157.4114107275368,162.96035677658827,584.1311530266657
507,147.4147325195919,150.87715711764596,151.77584165979428,156.68062241799493,582.3224608773032
508,143.1932393778205,147.2948842970914,144.04685836279347,150.35388866490683,576.8670641341535
509,138.64000555668113,143.06546554590778,136.01218606680752,142.5685977915775,568.3668168230661
510,133.80530988491978,137.54808940713576,128.28245200423976,128.51066067857332,587.9799793610508
511,127.31000002844814,128.57919630677785,118.15362175257857,116.1119484887949,590.5147629592338
512,120.6874430686814,124.36423652114239,111.44118021307065,109.4347971263043,584.0304058173006
513,114.7452819038525,119.3720173561916,104.84366062271538,100.43682202286985,557.1312038428947
514,107.82396781919194,115.58301831379549,97.35421609818566,91.75703567813065,548.0139928238129
515,105.3901846411611,103.41827576035632,94.70448331508662,89.57997011564237,546.8683936042424
516,98.89141877243613,97.87397847609455,89.17809264217868,76.53738648935804,533.2425916717413
517,94.8731717776996,83.97033590016864,84.19257112040569,71.6699249498272,526.8067071686052
518,89.79534978541506,76.79318837474247,80.71827813707594,62.699670380732535,512.2205650260379
519,84.16689987643228,73.3599364205239,79.40139254508888,56.82965302364822,502.44583211729326
520,72.84844164522838,64.43714598950321,68.69504897409328,47.96835146157943,506.6339780070134
521,69.07402215717646,57.00843943672221,66.39907528369068,43.70399161419981,496.38082214808844
522,67.29715500250337,57.334208120264286,63.57452730556685,42.798706681871515,499.1559111462202
523,60.006207662888635,57.40617006087009,59.37236847874628,40.96453534240188,509.7831587065373
524,57.28056807824155,56.38952870607202,57.55210643762192,37.94600564165029,498.7078075873094
525,54.617513502065705,57.157125416585586,56.51807938381901,38.201068017156814,501.92408662435423
526,57.50978643726107,58.74830529473348,55.33393890564789,42.68882636851439,502.6774954694482
527,56.42482708958473,58.1741342674674,52.92507678702143,41.62448625179328,494.75609075294466
528,58.20566363876755,59.803363502917826,55.14366993834447,43.71793010085551,497.33310722164447
529,55.719863894344016,57.82423838391901,57.88888732784356,39.802380743088115,496.1806145014628
530,58.388711402904896,57.03645898982695,60.60100894648211,40.85250362849146,500.4407289940509
531,65.65545298487505,53.67701923553601,65.17398899168933,46.30509723009682,511.5289746430742
532,69.75087194807195,58.92453107653699,71.02131966649901,50.42852403148024,491.59817128188786
533,73.00807213895915,70.5178874766525,69.97624078525779,52.601685285615794,514.439369190809
534,82.01539074243527,67.43608847643439,80.3248084006758,59.21011979525516,515.7258507422455
535,87.6062538308552,79.34085902179729,87.32923533828162,66.00501449836634,518.0000889047774
536,91.18159257988466,86.23578161127097,88.97961924101055,68.99354110641414,538.5024931778095
537,95.42121609840532,93.19597131685056,92.31099766965208,77.25804804729924,530.7328033335809
538,101.50968372213077,101.02850615693188,98.01036261650691,91.31854236279297,545.2456761009969
539,104.32083206418663,106.88380216205216,101.52217653726444,93.43597866990483,556.6947404883771
540,106.63651597129618,112.77494548130156,104.18214227068664,99.58794410560238,569.3519728385575
541,114.96530361146681,121.53515200527228,110.96854760917823,109.12538740727712,563.855034288602
542,121.5076974414829,123.04985404492227,121.73706352501456,123.02566749867731,573.5451794785115
543,128.84307234687103,129.71556510058056,131.45008465339833,132.15920476102403,576.1046205137776
544,134.2421384009901,134.53644871339492,137.30472540782714,138.9369147864896,584.3305476875295
545,139.21940676126096,142.82159293879806,144.65427439039533,152.8250670594358,583.4919686678107
546,143.63540895770964,146.74645576561528,152.11022408312394,159.97140520467966,583.1406712754588
547,148.4963715705283,152.34190186523108,158.2348373615948,166.01269163573664,583.1216659392675
548,153.48055629343816,157.1302359178234,165.0404046600392,171.27065499504977,586.8260539192738
549,157.32251678834194,159.79370597662538,169.70849504679646,174.69361243541806,582.6561986690695
550,160.64141467059412,163.5999843788796,174.46913912374566,179.79843469323936,583.9881478485032
551,163.22455689611616,165.5680257687098,177.63107013238672,176.73514888660813,582.3072645346965
552,165.6678796689437,167.9103086778707,179.96322459085144,175.63706022648833,579.1943694147716
553,167.58263029229798,169.73787026378895,178.19336657087814,173.98187041494154,580.6511534670715
554,167.7574790346386,170.4439988497102,177.8284685611633,173.18470039542726,580.1221753891928
555,167.57832770645663,170.98799616234513,178.3039828277169,174.0195599304411,577.1976814606622
556,165.4120313128262,168.6842842902273,178.41309357013455,177.55087033655948,578.2674220892534
557,162.84466132778235,165.43265268409877,175.71097086614145,177.67476558843595,578.7723540249273
558,158.3670130640811,160.0854450303184,169.7036973738918,172.27440569147512,580.0682971069824
559,154.095766671494,155.96995484101825,164.00694515436638,168.2880414039555,579.3742748678767
560,151.30891367930482,154.39001514127222,158.6322277701242,164.39013392082018,584.0718058861619
561,147.49237949299973,151.2455965399475,153.4360048493277,159.66504060190067,582.06659543107
562,143.31304194385058,147.47428615056333,145.98292616858996,153.8594473373107,581.7458997952584
563,140.3248284715899,143.5407405692768,139.81134540016356,145.09889651272368,584.7903613351006
564,135.89853447839474,138.50235636947676,134.35668176089956,137.1047525375803,580.2799250962807
565,129.93648621819165,131.63276308827474,123.36992735778948,122.23329463771671,585.6730370955412
566,123.2073478818888,125.69207292210892,115.79832674179485,114.03139714218315,574.2812534675792
567,115.87264480795274,120.06187955860172,107.40849979327288,105.88249202143862,564.3587445312504
568,108.68834040363721,116.52904659800784,99.34913619116719,97.69302287857207,553.2657555620243
569,104.15759092674634,105.38957985404981,95.11431549146013,85.76834360207296,557.8390977314571
570,101.0884944594733,101.52482142629482,91.12566521815441,75.62192927438726,538.822908909652
571,97.01719175383707,87.738286714173,85.38949142072426,75.80383919235611,538.4244417892957
572,89.54093078737554,82.88001895273958,80.74236042142019,61.853069811451114,523.4070023793321
573,85.4017049829487,76.69432678324691,77.84479778408375,56.27699090885747,506.30722054719706
574,77.10710305307578,68.38649778227948,69.5229538173117,49.714029659795294,497.69204175483276
575,70.93581275449002,64.31571162304812,63.22612767944831,44.18935437969572,496.33426854366724
576,68.83525753506589,61.342127719822756,62.89737935897417,46.096792844671164,498.25467366118517
577,63.21442365117858,56.68105693097747,57.575343152225976,37.74385822751626,514.7759528716301
578,60.547184414284395,58.580414106332725,56.23058620016806,37.84429972988271,507.4961353369415
579,59.259600294740714,59.99086134952925,54.630197503306135,38.53362423818234,506.178349884233
580,59.02683468781323,60.075571206157775,55.61336991495768,39.63481940495389,498.98870336152675
581,59.64705705350186,59.131975914193404,56.21409143057257,38.02538935624672,502.34385960596546
582,61.48280850267121,60.51467430621285,56.46267314826053,37.679524759650334,505.38540167460656
583,66.04357173910594,64.1449228343575,55.93824135214469,37.569047872318656,502.0315271126764
584,72.19395285966789,69.5191673672342,61.632894340010544,41.78848666610022,495.5487063317675
585,73.88552721749558,63.76482906586831,64.94663483064463,49.61996687576171,503.0354646292093
586,78.3371543914469,84.19101010374743,63.960498275923065,54.054342044628285,483.2704953838788
587,85.40712486568528,72.5574572626468,75.99184474312013,58.54431370378373,521.9946247700601
588,91.15244402979873,83.60441314469395,82.30836164198212,61.58259718105922,520.645225752332
589,96.27660513640987,90.89627858929325,87.4230875456385,68.4637960031275,528.6557803992823
590,100.39172477707136,99.1834246521493,91.81089356836804,74.7198127494121,529.7230449426277
591,103.40780859308461,104.86324288484724,94.59583908444415,85.39703484259694,554.1493269111832
592,109.21342653025043,113.31385646969207,100.07251882998143,97.98128997127634,560.1652201084141
593,111.24396462712484,116.61522308513527,105.05011575728935,100.54264255424164,559.8225874513859
594,117.3104246876669,121.12594652656514,112.5729773486347,106.90046381805492,567.4484366236384
595,125.72078423298554,127.25692880306806,124.22743849410905,123.67902540407637,563.3458780056076
596,131.97087323762784,132.9314134315718,134.28874336704476,134.1942725127535,570.5520079672713
597,137.5669156353599,139.76340988588123,139.9469157396782,144.49858774847075,579.6137788175205
598,142.21991292460353,144.51001515319365,148.09331096655242,156.21612870397186,577.8166754744143
599,143.35803179875765,147.4165524887225,151.0453639983315,161.0518100164234,576.7234754363618
600,148.87351523328226,153.29471534383651,158.3511415336299,168.30708378451948,579.7547379782122
601,153.89550563899732,156.1618750166632,165.60840352102525,171.58166664229128,582.6614682378141
602,156.87449718594368,159.94713402147332,170.59092559807536,176.0516805831374,581.0956383595554
603,161.99448246572229,165.13165620098633,175.01505184357757,179.50319588316373,577.2242774323846
604,164.51381963262818,167.12298062826633,177.8675300440537,177.14001479990696,574.5750816223106
605,169.25497234339556,173.56395988531003,178.29722440466983,168.19823573175753,576.6925109811575
606,172.07696249604768,175.97860960997377,175.14067606681206,167.39877155147408,576.8702767679911
607,173.01572317572982,176.33093710588804,174.25837005102363,169.23902552957554,575.8058273512823
608,171.82082855249428,174.9315523673608,176.24712409966247,173.02844192365774,573.9224499477543
609,170.74587032666557,173.86659260797583,178.33441064562442,175.4928627238849,570.7982030979229
610,169.15305808397255,171.76961071234405,178.30961503013165,179.87192548206374,570.3109952917315
611,166.67338603195822,168.96242440979577,173.96122775330858,175.4721947981826,578.6960369527827
612,162.2218210686737,165.31382274716213,168.85998536533515,172.56742686233127,575.9150199574833
613,158.86896454882503,162.9134552796981,165.96084369371945,167.38855735510822,573.7922204756502
614,153.96801628768904,158.99092112615654,156.28299788693778,158.7161516835907,580.8982051558922
615,150.207999801332,155.41516247674335,147.83213121474907,154.39148991412156,587.0117818530775
616,146.67762052245232,151.26756438295047,140.35686860270772,147.22042141261784,584.6018462425243
617,142.19199380463897,145.88655832902273,130.2524650998699,133.84440914317474,598.2051310195432
618,136.99909320701144,139.81640937070532,123.3803582463867,124.52318822499328,584.5412771353907
619,131.0464137157273,134.37248632428907,115.40060391547838,114.15604721852223,577.6169342235376
620,124.34461472003993,127.21326524174074,107.04385481888242,104.0733875718879,558.951290221672
621,117.52228553642037,122.36689271564612,99.59613783137578,98.72079033264224,551.1313549001496
622,112.68456442101426,113.65500228785177,94.42412303760288,85.34982749426092,542.246008691546
623,105.55007942224486,105.40758602916767,88.21216026546273,73.66259790651164,527.1080229031505
624,97.92539193779452,93.00576130255509,81.86267747133084,67.79216023666807,525.726902399721
625,93.53384768981454,86.3619580106666,79.02364316269765,62.06937238551858,506.5700104102664
626,83.66671542758563,77.5289635656898,68.93341634286475,53.26275954507395,502.63516621836663
627,76.35228390318485,70.25741532730237,63.63382599685222,45.63809661178479,491.2656761129851
628,73.13222324496685,67.78838041864749,62.44220810765449,42.11717564531318,482.1603339566276
629,67.15323247250038,58.15882541589792,59.84722210306528,40.45060842985964,486.9473436373325
630,61.84875501045003,60.310518672111776,54.159900274340735,36.24886117616608,497.73760406957877
631,58.05477838607051,57.76808144601477,51.86818673908435,34.17860172458139,499.28863116152274
632,57.69012980584975,58.25414132773861,52.72398913482539,35.136921047114406,490.6271349131499
633,56.43953375556637,57.164262076820584,51.54846876498667,35.02464673627981,493.2514065823221
634,58.720651377381266,59.13732652116957,53.48877129920349,34.98763756997676,489.9503221024577
635,64.77666069622074,59.0415259543003,56.68818930980904,38.69591678713889,496.9739407425282
636,71.3028381108005,68.6300041229767,63.83673820411219,44.74882351860207,483.7062004260003
637,72.09231336637053,67.70213874941012,63.79153699944241,40.96460283769449,486.23352718908217
638,77.93213831308931,72.75986027778994,68.124871788049,50.27609165875486,493.62242399826164
639,85.52095816616257,75.73493712341771,76.82046375506509,59.54009325763427,507.10937107327015
640,91.88706479547882,85.35386174046778,82.30038459662806,64.7851302231674,512.884929328636
641,96.85905639487287,91.58559194446435,86.92209034486024,69.84452565162763,524.7519414680607
642,102.85688382980669,102.85900594935559,93.24354359188939,78.12262071515771,513.800420329751
643,106.51625245548804,106.3153476563629,96.41927569817841,86.01498073348299,543.1094710520616
644,110.78848886397843,110.2265444392221,101.45521585343253,93.91728368368454,548.0004132668154
645,114.32286223310872,120.35547483031075,105.02084493288164,100.88287875534203,550.1172974464332
646,119.77052676306586,124.26456742676443,111.41863648571734,107.91217476498397,556.8689317622841
647,127.02388868758925,130.4209135543207,119.26734775938164,121.2513356913958,572.014688076701
648,133.0129764378552,134.4177117575602,129.73781660977644,129.78939468488224,569.1255111606347
649,139.0839752346549,141.61435952279317,137.8461634505342,140.88494552186668,576.6324233624449
650,143.5353151031785,147.29231478178002,143.50731355118847,150.8878835893633,578.3116543612855
651,148.3970256099279,153.04607098297922,150.56005083904287,158.1620129215172,578.1752994436979
652,151.16719300172815,157.35413091200147,156.1706754084251,165.72929304825917,577.7689547665818
653,152.82389602265474,160.04120032351543,158.4633685331237,168.92638229127664,582.4782866395652
654,159.907833355379,166.1904443342974,167.7121527191025,175.94246674954164,580.7965514486308
655,164.01895453505273,168.89119047166295,170.9389111414526,178.0413005100591,579.0031690187344
656,166.639191604894,170.58765559057804,174.79066849981598,179.8238771310732,575.127308369363
657,169.58350892012362,172.6776885200129,177.71960331548735,178.50210627755763,574.6549821025702
658,172.1749887370199,174.5992927237445,179.60855321366574,177.53154078920645,574.8515095332345
659,173.5338135207911,175.6234935724122,178.39402933044812,177.75097560633844,577.2771090801904
660,175.04661357259673,176.99654591837444,176.79320649630563,177.71684546921156,580.7509534528762
661,175.86894891045358,178.00220499542039,176.6473959470241,177.1002305642933,580.5330675850142
662,176.59158897414707,179.12689026966288,176.27439958309898,176.09610692368702,577.9883683709148
663,177.80262043488855,179.7541574695578,174.8286551393065,173.94380259011567,579.1955370014437
664,179.38265007521704,178.27719504041337,172.991557621791,172.02073695387725,582.8841313528158
665,179.68374788451388,177.59479764782975,173.06190651415153,171.45963893550208,582.334507981644
666,179.45822826133292,176.68130180660143,172.8437432616236,171.84913249467084,583.5596492775337
667,178.7568001784288,176.12542419013855,171.97307406546778,170.6592092479876,583.5827764099902
668,178.77441215044357,175.80981393449014,172.99370684573887,172.0111421251705,582.655501301058
669,178.6459273865266,175.10965000893486,173.35029434646245,171.17448440353726,584.869254787999
670,179.07492503856298,175.17969621364506,174.92282384698285,171.6200485212878,584.5797189468988
671,179.53019000941396,175.0939189633709,176.15422994689712,171.70986827780445,585.1096655325518
672,179.36748236694817,174.6738040879134,176.63652413915466,171.48082101087923,582.258869882391
673,179.16302614517124,174.74667843065333,176.57226535347203,172.05163269000124,585.4274883087194
674,179.76359642550162,174.87103906467482,178.07117895852517,173.06149563438225,585.9251745620728
675,179.8591012739107,174.38780923355841,179.32343398365322,173.50985384189374,588.376430859553
676,178.8093155751026,174.87732574352978,177.81640402748354,177.05885088464652,588.3655322681158
677,178.6205832280784,175.57108384940753,176.1615638926436,179.43302098245584,590.0603440391961
678,177.43745575154966,177.4389952742287,173.36850590311423,175.37442808489038,586.7353247141916
679,176.2740456076977,179.55017543345767,171.89825377736688,171.25415611615935,583.0158840486969
680,176.19395939260218,179.62725188700284,173.7216807482574,174.5813451718056,584.4248435520823
681,175.81021039882293,178.34359497035595,174.14849160460574,174.96793952409905,588.5913569318399
682,178.65732843106957,176.49299252719265,175.6984813628437,163.32604367823998,603.7916167531667
683,177.07600995314053,170.472677168915,174.10680245777624,155.53075579974856,603.2476982245723
684,171.00505723841903,162.8825743570607,171.3058006983285,153.61972857115455,606.2547230055768
685,171.66180108790186,161.52187984055254,171.8799656393485,154.71482413908643,609.3204381467025
686,173.25579052467074,162.28408956030975,171.27483877617775,157.5740029027715,603.330110354936
687,174.8820997843133,164.18640401631498,173.7681190592841,167.4811578077725,600.0794465689678
688,179.37276728530043,168.63865869062155,176.23401658205756,172.70105454334274,595.2488837967394
689,179.88610747592236,169.45237896156976,173.74014688074496,168.81873549314906,597.0476112247267
690,179.3500687287032,168.7958154204488,170.49367916759206,165.17967676321527,593.9154227540944
691,178.03825189183598,168.55322857438176,165.55337978556932,162.11615749496187,589.7734490952232
692,173.01232318047613,169.71224081048513,156.53042818430146,166.7150958328048,590.5147316320558
693,170.87483886019555,169.36909659458806,152.8088371381091,166.18793535882332,591.4392673245775
694,170.82681623937034,169.75851200851622,154.46269487689722,161.99724506970108,591.6501458721896
695,172.0253527906353,172.1531655504635,157.94745301685802,160.86351615303113,600.0634484262298
696,172.1488134432366,172.62833784275378,161.47142183607596,163.16120693941863,597.6652073475381
697,171.54782630433166,171.54631237417152,163.6903351562791,162.16616679219788,589.8776086175052
698,171.62234629761994,175.5615549478457,163.56797489440052,168.06106528507578,601.9354991834649
699,170.93843943008403,172.78175648551925,162.23422768658318,164.02230776027568,592.5629850542481
700,170.4237151971573,172.0783197684548,161.8414145522435,163.42071082247514,599.6840612732225
701,169.95773910071478,173.30729804269365,161.93978187960147,166.26554131187387,596.7264822255456
702,169.68837915707195,173.42407395117814,161.42042306945646,166.0249533219303,594.2507449729992
703,167.9312121827755,171.4944792150748,159.21107085266652,164.1257516127261,594.579839491738
704,167.51871671189224,170.88368307639914,158.64925964678883,163.06741273376934,596.3543464513041
705,166.97539058603746,170.20724488675774,157.78970210500782,161.86731899153864,597.9215034483907
706,165.4374894749518,169.26515112759242,155.94064950216196,162.0808150190488,599.4875663805797
707,165.49927220328323,169.11786837519173,155.94473853796117,160.93788436838497,597.2140314631637
708,164.61546649014275,168.0399891175009,154.93626161731729,160.15772491208753,601.4610844205293
709,164.16546286595343,167.37802187240163,154.36946088433166,160.26755048894992,606.3318952625867
710,163.01724488173613,166.20969633418778,153.0829874927201,159.9242833853651,608.608064393412
711,163.24319321067634,166.4877396852241,153.2905242250282,159.600098896381,607.4618704921105
712,163.20552200059296,166.33478263439434,153.13944190163335,159.46884428818464,609.4890637601485
713,163.47367397943484,165.7953601196301,153.50225569189567,157.97897916128494,613.3765646854903
714,162.3451800048076,164.67564161129482,152.09689144200885,158.38047967513913,615.6810951293161
715,163.8105733846547,165.89685198627186,153.735062789489,157.05813023933365,614.9583855775174
716,161.00199071955126,158.31920435146048,151.43937294906675,143.78476366517623,594.0585414421464
717,164.03582405918203,166.14065218671325,153.14531959123352,157.35156263840716,617.486336522309
718,163.70596616132767,165.62002459636432,153.42910285185786,156.56582096970558,615.5855097602837
719,163.09974849605015,165.1775672943079,152.62863068169537,156.33762471410776,618.8390277175337
720,162.47821048198784,164.27411299509717,152.06838573234788,155.05135373538405,622.2902503488414
721,162.8537168937587,164.3706075658474,153.1890664391285,154.24398960163552,618.1538936544321
722,161.53924121159386,163.30675420826026,152.0999813872616,154.48323071621388,617.2726406661736
723,162.91209447904603,164.55997840035937,154.2106543616606,154.10965345023075,615.9370313554838
724,161.5530458193065,163.9020485557254,152.48269012938354,155.6012029065112,617.8634239072519
725,161.89639250640352,163.7410117069634,154.14211974902665,154.89753365729376,615.7673854713024
726,162.14151243181752,163.59717431452063,155.1462245851155,154.61963315122634,613.8500763231164
727,161.31512989986112,162.48507029522668,154.96733043958403,153.90087971500105,615.9225581118696
728,161.40781906715054,162.51693336342763,155.5719550788072,154.43456715975344,612.9926223888859
729,160.98263714768757,161.45130541577586,156.0691407747092,153.6272544723418,614.1553521661541
730,158.89222794646193,156.68359017105035,153.54027914379742,145.91746132759843,611.7216786435403
731,159.11776870574272,159.08832516287438,155.75184195247053,152.94485398671202,613.014785028514
732,157.97003687569594,158.00746676225052,155.29268081370836,152.57921625504213,612.4362666042543
733,157.0579352024756,156.967049724126,155.31818759979222,152.75132834719437,614.5647403217607
734,155.90293890296542,155.29533690315998,155.5333331440711,152.10528386636162,617.5174096837563
735,155.44960718832724,154.6723756974004,157.65157651023728,153.69536870407893,618.3102119002738
736,155.51580232901054,153.67420776892317,159.51902356752606,154.94195221233048,616.4201706329573
737,154.41665337922362,151.42736374981604,160.31488803113842,155.1747781666668,614.1410277360063
738,153.4512536495931,147.98792925584053,161.4275963501144,151.7521385533203,617.9253208867835
739,152.55826746473596,146.66792052036416,162.71288165648306,152.51658045901854,615.3838356466724
740,149.2111868740405,144.56384790676816,161.59011478887362,155.51291061639955,613.3399334937303
741,146.46172148204346,140.81901266120843,162.63435625028612,155.6349575614263,608.9291931623015
742,145.07528537792422,138.688958766542,164.8321488586773,155.26107157282212,603.659060729216
743,141.27486078634803,134.92961960720282,163.38185893371946,156.104516510758,591.1112934245649
744,142.06040072692272,133.7170606286336,165.00226218301336,153.65740733229464,597.1880869872932
745,140.36182155267696,131.4539753397799,158.76678491547105,149.6988419257999,589.8127901245126
746,137.62877478858084,127.68085388668281,149.37968678658967,141.73979896049846,590.1936322745505
747,134.01661077982166,123.39903241407774,145.2282551210382,143.75491964009228,579.22000154779
748,133.54355153595296,122.27116111181687,137.47389279531157,142.74844482787233,582.4320589037046
749,140.58568297730804,126.48221616031762,138.73183709464033,142.34360595539832,564.9392466547836
750,140.7071655389961,125.41616224897395,136.04374100425187,140.70353591646776,577.7490373953428
751,143.57097018273117,125.52776959590527,137.52978992753637,143.41853729367327,566.4486701297077
752,146.17804005369322,125.28357010838869,142.9148395990082,154.5875099736179,577.3045936860581
753,151.0648998241442,129.83066370268585,149.98815717389522,161.51799683257315,583.0468629040477
754,152.81738315801294,132.1950826533946,152.96655750841845,168.2777862040972,589.0690106773018
755,151.3032208453199,135.46985622925985,150.69860836922152,169.76886222925984,595.1095094548793
756,148.94853561944737,134.5881827044548,147.21699512222565,163.58248032066763,612.2553649060882
757,152.80048506930268,141.68831518961002,148.80453949903472,162.59796955542595,613.7760302659522
758,153.98859058657067,142.8756944862479,153.0316355200356,155.6067493985157,625.5998068733152
759,161.4405571377415,154.63304512849598,155.06062701695527,153.98498909387897,624.5195626643302
760,161.34327878132575,154.73785831104766,155.9530364942987,146.10814251259893,633.5142012936019
761,159.75718567514429,153.30513088319015,159.3888444710925,140.02616724127807,643.3041783451653
762,161.29020147017692,160.2798753279361,163.21220191939344,153.89334499745704,636.6402196264551
763,166.94163773675285,167.177833769497,169.17104163849794,164.77896887329695,640.2154120034459
764,170.56665558827146,171.88096594655048,173.8082083453926,177.43505808310243,630.4950485323486
765,173.11926300414558,174.75843470631227,174.01183467146123,179.46734794798658,617.671632360165
766,174.47497064444505,175.6690805497195,174.40792416341012,177.11727966828187,595.9142977084451
767,174.06527834415928,174.92554292226154,174.64126485371204,176.85853281713102,591.4791592883255
768,171.27505475679712,174.81935939725298,171.2914764848136,178.8876987056617,569.9858991792466
769,171.11805078955754,173.53443143672888,170.93854652574998,178.51387051547488,556.2481200142873
770,169.76213607337905,168.89794394477562,179.06943464374297,178.3127834498727,533.0114256304366
771,172.44079219926257,169.60789234754122,174.62487723806635,178.4325382796203,512.6539892339366
772,7.317824217481571,13.76016450749616,14.191666091353682,22.136701957468187,290.1535914422727
773,175.19236212577465,173.7356811037097,175.77183941449863,177.55376176147078,539.2072749692248
774,12.586188899111656,11.332872005921697,23.34229037325004,21.78859645712387,219.5284418791629
